id,has_backmoth,has_leafminer,has_mildew
Backmoth1,1,0,0
Backmoth2,1,0,0
Backmoth3,1,0,0
Backmoth4,1,0,0
Backmoth5,1,0,0
Backmoth6,1,0,0
Backmoth7,1,0,0
Backmoth8,1,0,0
Backmoth9,1,0,0
Backmoth10,1,0,0
Backmoth11,1,0,0
Backmoth12,1,0,0
Backmoth13,1,0,0
Backmoth14,1,0,0
Backmoth15,1,0,0
Backmoth16,1,0,0
Backmoth17,1,0,0
Backmoth18,1,0,0
Backmoth19,1,0,0
Backmoth20,1,0,0
Backmoth21,1,0,0
Backmoth22,1,0,0
Backmoth23,1,0,0
Backmoth24,1,0,0
Backmoth25,1,0,0
Backmoth26,1,0,0
Backmoth27,1,0,0
Backmoth28,1,0,0
Backmoth29,1,0,0
Backmoth30,1,0,0
Backmoth31,1,0,0
Backmoth32,1,0,0
Backmoth33,1,0,0
Backmoth34,1,0,0
Backmoth35,1,0,0
Backmoth36,1,0,0
Backmoth37,1,0,0
Backmoth38,1,0,0
Backmoth39,1,0,0
Backmoth40,1,0,0
Backmoth41,1,0,0
Backmoth42,1,0,0
Backmoth43,1,0,0
Backmoth44,1,0,0
Backmoth45,1,0,0
Backmoth46,1,0,0
Backmoth47,1,0,0
Backmoth48,1,0,0
Backmoth49,1,0,0
Backmoth50,1,0,0
Backmoth51,1,0,0
Backmoth52,1,0,0
Backmoth53,1,0,0
Backmoth54,1,0,0
Backmoth55,1,0,0
Backmoth56,1,0,0
Backmoth57,1,0,0
Backmoth58,1,0,0
Backmoth59,1,0,0
Backmoth60,1,0,0
Backmoth61,1,0,0
Backmoth62,1,0,0
Backmoth63,1,0,0
Backmoth64,1,0,0
Backmoth65,1,0,0
Backmoth66,1,0,0
Backmoth67,1,0,0
Backmoth68,1,0,0
Backmoth69,1,0,0
Backmoth70,1,0,0
Backmoth71,1,0,0
Backmoth72,1,0,0
Backmoth73,1,0,0
Backmoth74,1,0,0
Backmoth75,1,0,0
Backmoth76,1,0,0
Backmoth77,1,0,0
Backmoth78,1,0,0
Backmoth79,1,0,0
Backmoth80,1,0,0
Backmoth81,1,0,0
Backmoth82,1,0,0
Backmoth83,1,0,0
Backmoth84,1,0,0
Backmoth85,1,0,0
Backmoth86,1,0,0
Backmoth87,1,0,0
Backmoth88,1,0,0
Backmoth89,1,0,0
Backmoth90,1,0,0
Backmoth91,1,0,0
Backmoth92,1,0,0
Backmoth93,1,0,0
Backmoth94,1,0,0
Backmoth95,1,0,0
Backmoth96,1,0,0
Backmoth97,1,0,0
Backmoth98,1,0,0
Backmoth99,1,0,0
Backmoth100,1,0,0
Backmoth101,1,0,0
Backmoth102,1,0,0
Backmoth103,1,0,0
Backmoth104,1,0,0
Backmoth105,1,0,0
Backmoth106,1,0,0
Backmoth107,1,0,0
Backmoth108,1,0,0
Backmoth109,1,0,0
Backmoth110,1,0,0
Backmoth111,1,0,0
Backmoth112,1,0,0
Backmoth113,1,0,0
Backmoth114,1,0,0
Backmoth115,1,0,0
Backmoth116,1,0,0
Backmoth117,1,0,0
Backmoth118,1,0,0
Backmoth119,1,0,0
Backmoth120,1,0,0
Backmoth121,1,0,0
Backmoth122,1,0,0
Backmoth123,1,0,0
Backmoth124,1,0,0
Backmoth125,1,0,0
Backmoth126,1,0,0
Backmoth127,1,0,0
Backmoth128,1,0,0
Backmoth129,1,0,0
Backmoth130,1,0,0
Backmoth131,1,0,0
Backmoth132,1,0,0
Backmoth133,1,0,0
Backmoth134,1,0,0
Backmoth135,1,0,0
Backmoth136,1,0,0
Backmoth137,1,0,0
Backmoth138,1,0,0
Backmoth139,1,0,0
Backmoth140,1,0,0
Backmoth141,1,0,0
Backmoth142,1,0,0
Backmoth143,1,0,0
Backmoth144,1,0,0
Backmoth145,1,0,0
Backmoth146,1,0,0
Backmoth147,1,0,0
Backmoth148,1,0,0
Backmoth149,1,0,0
Backmoth150,1,0,0
Backmoth151,1,0,0
Backmoth152,1,0,0
Backmoth153,1,0,0
Backmoth154,1,0,0
Backmoth155,1,0,0
Backmoth156,1,0,0
Backmoth157,1,0,0
Backmoth158,1,0,0
Backmoth159,1,0,0
Backmoth160,1,0,0
Backmoth161,1,0,0
Backmoth162,1,0,0
Backmoth163,1,0,0
Backmoth164,1,0,0
Backmoth165,1,0,0
Backmoth166,1,0,0
Backmoth167,1,0,0
Backmoth168,1,0,0
Backmoth169,1,0,0
Backmoth170,1,0,0
Backmoth171,1,0,0
Backmoth172,1,0,0
Backmoth173,1,0,0
Backmoth174,1,0,0
Backmoth175,1,0,0
Backmoth176,1,0,0
Backmoth177,1,0,0
Backmoth178,1,0,0
Backmoth179,1,0,0
Backmoth180,1,0,0
Backmoth181,1,0,0
Backmoth182,1,0,0
Backmoth183,1,0,0
Backmoth184,1,0,0
Backmoth185,1,0,0
Backmoth186,1,0,0
Backmoth187,1,0,0
Backmoth188,1,0,0
Backmoth189,1,0,0
Backmoth190,1,0,0
Backmoth191,1,0,0
Backmoth192,1,0,0
Backmoth193,1,0,0
Backmoth194,1,0,0
Backmoth195,1,0,0
Backmoth196,1,0,0
Backmoth197,1,0,0
Backmoth198,1,0,0
Backmoth199,1,0,0
Backmoth200,1,0,0
Backmoth201,1,0,0
Backmoth202,1,0,0
Backmoth203,1,0,0
Backmoth204,1,0,0
Backmoth205,1,0,0
Backmoth206,1,0,0
Backmoth207,1,0,0
Backmoth208,1,0,0
Backmoth209,1,0,0
Backmoth210,1,0,0
Backmoth211,1,0,0
Backmoth212,1,0,0
Backmoth213,1,0,0
Backmoth214,1,0,0
Backmoth215,1,0,0
Backmoth216,1,0,0
Backmoth217,1,0,0
Backmoth218,1,0,0
Backmoth219,1,0,0
Backmoth220,1,0,0
Backmoth221,1,0,0
Backmoth222,1,0,0
Backmoth223,1,0,0
Backmoth224,1,0,0
Backmoth225,1,0,0
Backmoth226,1,0,0
Backmoth227,1,0,0
Backmoth228,1,0,0
Backmoth229,1,0,0
Backmoth230,1,0,0
Backmoth231,1,0,0
Backmoth232,1,0,0
Backmoth233,1,0,0
Backmoth234,1,0,0
Backmoth235,1,0,0
Backmoth236,1,0,0
Backmoth237,1,0,0
Backmoth238,1,0,0
Backmoth239,1,0,0
Backmoth240,1,0,0
Backmoth241,1,0,0
Backmoth242,1,0,0
Backmoth243,1,0,0
Backmoth244,1,0,0
Backmoth245,1,0,0
Backmoth246,1,0,0
Backmoth247,1,0,0
Backmoth248,1,0,0
Backmoth249,1,0,0
Backmoth250,1,0,0
Backmoth251,1,0,0
Backmoth252,1,0,0
Backmoth253,1,0,0
Backmoth254,1,0,0
Backmoth255,1,0,0
Backmoth256,1,0,0
Backmoth257,1,0,0
Backmoth258,1,0,0
Backmoth259,1,0,0
Backmoth260,1,0,0
Backmoth261,1,0,0
Backmoth262,1,0,0
Backmoth263,1,0,0
Backmoth264,1,0,0
Backmoth265,1,0,0
Backmoth266,1,0,0
Backmoth267,1,0,0
Backmoth268,1,0,0
Backmoth269,1,0,0
Backmoth270,1,0,0
Backmoth271,1,0,0
Backmoth272,1,0,0
Backmoth273,1,0,0
Backmoth274,1,0,0
Backmoth275,1,0,0
Backmoth276,1,0,0
Backmoth277,1,0,0
Backmoth278,1,0,0
Backmoth279,1,0,0
Backmoth280,1,0,0
Backmoth281,1,0,0
Backmoth282,1,0,0
Backmoth283,1,0,0
Backmoth284,1,0,0
Backmoth285,1,0,0
Backmoth286,1,0,0
Backmoth287,1,0,0
Backmoth288,1,0,0
Backmoth289,1,0,0
Backmoth290,1,0,0
Backmoth291,1,0,0
Backmoth292,1,0,0
Backmoth293,1,0,0
Backmoth294,1,0,0
Backmoth295,1,0,0
Backmoth296,1,0,0
Backmoth297,1,0,0
Backmoth298,1,0,0
Backmoth299,1,0,0
Backmoth300,1,0,0
Backmoth301,1,0,0
Backmoth302,1,0,0
Backmoth303,1,0,0
Backmoth304,1,0,0
Backmoth305,1,0,0
Backmoth306,1,0,0
Backmoth307,1,0,0
Backmoth308,1,0,0
Backmoth309,1,0,0
Backmoth310,1,0,0
Backmoth311,1,0,0
Backmoth312,1,0,0
Backmoth313,1,0,0
Backmoth314,1,0,0
Backmoth315,1,0,0
Backmoth316,1,0,0
Backmoth317,1,0,0
Backmoth318,1,0,0
Backmoth319,1,0,0
Backmoth320,1,0,0
Backmoth321,1,0,0
Backmoth322,1,0,0
Backmoth323,1,0,0
Backmoth324,1,0,0
Backmoth325,1,0,0
Backmoth326,1,0,0
Backmoth327,1,0,0
Backmoth328,1,0,0
Backmoth329,1,0,0
Backmoth330,1,0,0
Backmoth331,1,0,0
Backmoth332,1,0,0
Backmoth333,1,0,0
Backmoth334,1,0,0
Backmoth335,1,0,0
Backmoth336,1,0,0
Backmoth337,1,0,0
Backmoth338,1,0,0
Backmoth339,1,0,0
Backmoth340,1,0,0
Backmoth341,1,0,0
Backmoth342,1,0,0
Backmoth343,1,0,0
Backmoth344,1,0,0
Backmoth345,1,0,0
Backmoth346,1,0,0
Backmoth347,1,0,0
Backmoth348,1,0,0
Backmoth349,1,0,0
Backmoth350,1,0,0
Backmoth351,1,0,0
Backmoth352,1,0,0
Backmoth353,1,0,0
Backmoth354,1,0,0
Backmoth355,1,0,0
Backmoth356,1,0,0
Backmoth357,1,0,0
Backmoth358,1,0,0
Backmoth359,1,0,0
Backmoth360,1,0,0
Backmoth361,1,0,0
Backmoth362,1,0,0
Backmoth363,1,0,0
Backmoth364,1,0,0
Backmoth365,1,0,0
Backmoth366,1,0,0
Backmoth367,1,0,0
Backmoth368,1,0,0
Backmoth369,1,0,0
Backmoth370,1,0,0
Backmoth371,1,0,0
Backmoth372,1,0,0
Backmoth373,1,0,0
Backmoth374,1,0,0
Backmoth375,1,0,0
Backmoth376,1,0,0
Backmoth377,1,0,0
Backmoth378,1,0,0
Backmoth379,1,0,0
Backmoth380,1,0,0
Backmoth381,1,0,0
Backmoth382,1,0,0
Backmoth383,1,0,0
Backmoth384,1,0,0
Backmoth385,1,0,0
Backmoth386,1,0,0
Backmoth387,1,0,0
Backmoth388,1,0,0
Backmoth389,1,0,0
Backmoth390,1,0,0
Backmoth391,1,0,0
Backmoth392,1,0,0
Backmoth393,1,0,0
Backmoth394,1,0,0
Backmoth395,1,0,0
Backmoth396,1,0,0
Backmoth397,1,0,0
Backmoth398,1,0,0
Backmoth399,1,0,0
Backmoth400,1,0,0
Backmoth401,1,0,0
Backmoth402,1,0,0
Backmoth403,1,0,0
Backmoth404,1,0,0
Backmoth405,1,0,0
Backmoth406,1,0,0
Backmoth407,1,0,0
Backmoth408,1,0,0
Backmoth409,1,0,0
Backmoth410,1,0,0
Backmoth411,1,0,0
Backmoth412,1,0,0
Backmoth413,1,0,0
Backmoth414,1,0,0
Backmoth415,1,0,0
Backmoth416,1,0,0
Backmoth417,1,0,0
Backmoth418,1,0,0
Backmoth419,1,0,0
Backmoth420,1,0,0
Backmoth421,1,0,0
Backmoth422,1,0,0
Backmoth423,1,0,0
Backmoth424,1,0,0
Backmoth425,1,0,0
Backmoth426,1,0,0
Backmoth427,1,0,0
Backmoth428,1,0,0
Backmoth429,1,0,0
Backmoth430,1,0,0
Backmoth431,1,0,0
Backmoth432,1,0,0
Backmoth433,1,0,0
Backmoth434,1,0,0
Backmoth435,1,0,0
Backmoth436,1,0,0
Backmoth437,1,0,0
Backmoth438,1,0,0
Backmoth439,1,0,0
Backmoth440,1,0,0
Backmoth441,1,0,0
Backmoth442,1,0,0
Backmoth443,1,0,0
Backmoth444,1,0,0
Backmoth445,1,0,0
Backmoth446,1,0,0
Backmoth447,1,0,0
Backmoth448,1,0,0
Backmoth449,1,0,0
Backmoth450,1,0,0
Backmoth451,1,0,0
Backmoth452,1,0,0
Backmoth453,1,0,0
Backmoth454,1,0,0
Backmoth455,1,0,0
Backmoth456,1,0,0
Backmoth457,1,0,0
Backmoth458,1,0,0
Backmoth459,1,0,0
Backmoth460,1,0,0
Backmoth461,1,0,0
Backmoth462,1,0,0
Backmoth463,1,0,0
Backmoth464,1,0,0
Backmoth465,1,0,0
Backmoth466,1,0,0
Backmoth467,1,0,0
Backmoth468,1,0,0
Backmoth469,1,0,0
Backmoth470,1,0,0
Backmoth471,1,0,0
Backmoth472,1,0,0
Backmoth473,1,0,0
Backmoth474,1,0,0
Backmoth475,1,0,0
Backmoth476,1,0,0
Backmoth477,1,0,0
Backmoth478,1,0,0
Backmoth479,1,0,0
Backmoth480,1,0,0
Backmoth481,1,0,0
Backmoth482,1,0,0
Backmoth483,1,0,0
Backmoth484,1,0,0
Backmoth485,1,0,0
Backmoth486,1,0,0
Backmoth487,1,0,0
Backmoth488,1,0,0
Backmoth489,1,0,0
Backmoth490,1,0,0
Backmoth491,1,0,0
Backmoth492,1,0,0
Backmoth493,1,0,0
Backmoth494,1,0,0
Backmoth495,1,0,0
Backmoth496,1,0,0
Backmoth497,1,0,0
Backmoth498,1,0,0
Backmoth499,1,0,0
Backmoth500,1,0,0
Backmoth501,1,0,0
Backmoth502,1,0,0
Backmoth503,1,0,0
Backmoth504,1,0,0
Backmoth505,1,0,0
Backmoth506,1,0,0
Backmoth507,1,0,0
Backmoth508,1,0,0
Backmoth509,1,0,0
Backmoth510,1,0,0
Backmoth511,1,0,0
Backmoth512,1,0,0
Backmoth513,1,0,0
Backmoth514,1,0,0
Backmoth515,1,0,0
Backmoth516,1,0,0
Backmoth517,1,0,0
Backmoth518,1,0,0
Backmoth519,1,0,0
Backmoth520,1,0,0
Backmoth521,1,0,0
Backmoth522,1,0,0
Backmoth523,1,0,0
Backmoth524,1,0,0
Backmoth525,1,0,0
Backmoth526,1,0,0
Backmoth527,1,0,0
Backmoth528,1,0,0
Backmoth529,1,0,0
Backmoth530,1,0,0
Backmoth531,1,0,0
Backmoth532,1,0,0
Backmoth533,1,0,0
Backmoth534,1,0,0
Backmoth535,1,0,0
Backmoth536,1,0,0
Backmoth537,1,0,0
Backmoth538,1,0,0
Backmoth539,1,0,0
Backmoth540,1,0,0
Backmoth541,1,0,0
Backmoth542,1,0,0
Backmoth543,1,0,0
Backmoth544,1,0,0
Backmoth545,1,0,0
Backmoth546,1,0,0
Backmoth547,1,0,0
Backmoth548,1,0,0
Backmoth549,1,0,0
Backmoth550,1,0,0
Backmoth551,1,0,0
Backmoth552,1,0,0
Backmoth553,1,0,0
Backmoth554,1,0,0
Backmoth555,1,0,0
Backmoth556,1,0,0
Backmoth557,1,0,0
Backmoth558,1,0,0
Backmoth559,1,0,0
Backmoth560,1,0,0
Backmoth561,1,0,0
Backmoth562,1,0,0
Backmoth563,1,0,0
Backmoth564,1,0,0
Backmoth565,1,0,0
Backmoth566,1,0,0
Backmoth567,1,0,0
Backmoth568,1,0,0
Backmoth569,1,0,0
Backmoth570,1,0,0
Backmoth571,1,0,0
Backmoth572,1,0,0
Backmoth573,1,0,0
Backmoth574,1,0,0
Backmoth575,1,0,0
Backmoth576,1,0,0
Backmoth577,1,0,0
Backmoth578,1,0,0
Backmoth579,1,0,0
Backmoth580,1,0,0
Backmoth581,1,0,0
Backmoth582,1,0,0
Backmoth583,1,0,0
Backmoth584,1,0,0
Backmoth585,1,0,0
Backmoth586,1,0,0
Backmoth587,1,0,0
Backmoth588,1,0,0
Backmoth589,1,0,0
Backmoth590,1,0,0
Backmoth591,1,0,0
Backmoth592,1,0,0
Backmoth593,1,0,0
Backmoth594,1,0,0
Backmoth595,1,0,0
Backmoth596,1,0,0
Backmoth597,1,0,0
Backmoth598,1,0,0
Backmoth599,1,0,0
Backmoth600,1,0,0
Backmoth601,1,0,0
Backmoth602,1,0,0
Backmoth603,1,0,0
Backmoth604,1,0,0
Backmoth605,1,0,0
Backmoth606,1,0,0
Backmoth607,1,0,0
Backmoth608,1,0,0
Backmoth609,1,0,0
Backmoth610,1,0,0
Backmoth611,1,0,0
Backmoth612,1,0,0
Backmoth613,1,0,0
Backmoth614,1,0,0
Backmoth615,1,0,0
Backmoth616,1,0,0
Backmoth617,1,0,0
Backmoth618,1,0,0
Backmoth619,1,0,0
Backmoth620,1,0,0
Backmoth621,1,0,0
Backmoth622,1,0,0
Backmoth623,1,0,0
Backmoth624,1,0,0
Backmoth625,1,0,0
Backmoth626,1,0,0
Backmoth627,1,0,0
Backmoth628,1,0,0
Backmoth629,1,0,0
Backmoth630,1,0,0
Backmoth631,1,0,0
Backmoth632,1,0,0
Backmoth633,1,0,0
Backmoth634,1,0,0
Backmoth635,1,0,0
Backmoth636,1,0,0
Backmoth637,1,0,0
Backmoth638,1,0,0
Backmoth639,1,0,0
Backmoth640,1,0,0
Backmoth641,1,0,0
Backmoth642,1,0,0
Backmoth643,1,0,0
Backmoth644,1,0,0
Backmoth645,1,0,0
Backmoth646,1,0,0
Backmoth647,1,0,0
Backmoth648,1,0,0
Backmoth649,1,0,0
Backmoth650,1,0,0
Backmoth651,1,0,0
Backmoth652,1,0,0
Backmoth653,1,0,0
Backmoth654,1,0,0
Backmoth655,1,0,0
Backmoth656,1,0,0
Backmoth657,1,0,0
Backmoth658,1,0,0
Backmoth659,1,0,0
Backmoth660,1,0,0
Backmoth661,1,0,0
Backmoth662,1,0,0
Backmoth663,1,0,0
Backmoth664,1,0,0
Backmoth665,1,0,0
Backmoth666,1,0,0
Backmoth667,1,0,0
Backmoth668,1,0,0
Backmoth669,1,0,0
Backmoth670,1,0,0
Backmoth671,1,0,0
Backmoth672,1,0,0
Backmoth673,1,0,0
Backmoth674,1,0,0
Backmoth675,1,0,0
Backmoth676,1,0,0
Backmoth677,1,0,0
Backmoth678,1,0,0
Backmoth679,1,0,0
Backmoth680,1,0,0
Backmoth681,1,0,0
Backmoth682,1,0,0
Backmoth683,1,0,0
Backmoth684,1,0,0
Backmoth685,1,0,0
Backmoth686,1,0,0
Backmoth687,1,0,0
Backmoth688,1,0,0
Backmoth689,1,0,0
Backmoth690,1,0,0
Backmoth691,1,0,0
Backmoth692,1,0,0
Backmoth693,1,0,0
Backmoth694,1,0,0
Backmoth695,1,0,0
Backmoth696,1,0,0
Backmoth697,1,0,0
Backmoth698,1,0,0
Backmoth699,1,0,0
Backmoth700,1,0,0
Backmoth701,1,0,0
Backmoth702,1,0,0
Backmoth703,1,0,0
Backmoth704,1,0,0
Backmoth705,1,0,0
Backmoth706,1,0,0
Backmoth707,1,0,0
Backmoth708,1,0,0
Backmoth709,1,0,0
Backmoth710,1,0,0
Backmoth711,1,0,0
Backmoth712,1,0,0
Backmoth713,1,0,0
Backmoth714,1,0,0
Backmoth715,1,0,0
Backmoth716,1,0,0
Backmoth717,1,0,0
Backmoth718,1,0,0
Backmoth719,1,0,0
Backmoth720,1,0,0
Backmoth721,1,0,0
Backmoth722,1,0,0
Backmoth723,1,0,0
Backmoth724,1,0,0
Backmoth725,1,0,0
Backmoth726,1,0,0
Backmoth727,1,0,0
Backmoth728,1,0,0
Backmoth729,1,0,0
Backmoth730,1,0,0
Backmoth731,1,0,0
Backmoth732,1,0,0
Backmoth733,1,0,0
Backmoth734,1,0,0
Backmoth735,1,0,0
Backmoth736,1,0,0
Backmoth737,1,0,0
Backmoth738,1,0,0
Backmoth739,1,0,0
Backmoth740,1,0,0
Backmoth741,1,0,0
Backmoth742,1,0,0
Backmoth743,1,0,0
Backmoth744,1,0,0
Backmoth745,1,0,0
Backmoth746,1,0,0
Backmoth747,1,0,0
Backmoth748,1,0,0
Backmoth749,1,0,0
Backmoth750,1,0,0
Backmoth751,1,0,0
Backmoth752,1,0,0
Backmoth753,1,0,0
Backmoth754,1,0,0
Backmoth755,1,0,0
Backmoth756,1,0,0
Backmoth757,1,0,0
Backmoth758,1,0,0
Backmoth759,1,0,0
Backmoth760,1,0,0
Backmoth761,1,0,0
Backmoth762,1,0,0
Backmoth763,1,0,0
Backmoth764,1,0,0
Backmoth765,1,0,0
Backmoth766,1,0,0
Backmoth767,1,0,0
Backmoth768,1,0,0
Backmoth769,1,0,0
Backmoth770,1,0,0
Backmoth771,1,0,0
Backmoth772,1,0,0
Backmoth773,1,0,0
Backmoth774,1,0,0
Backmoth775,1,0,0
Backmoth776,1,0,0
Backmoth777,1,0,0
Backmoth778,1,0,0
Backmoth779,1,0,0
Backmoth780,1,0,0
Backmoth781,1,0,0
Backmoth782,1,0,0
Backmoth783,1,0,0
Backmoth784,1,0,0
Backmoth785,1,0,0
Backmoth786,1,0,0
Backmoth787,1,0,0
Backmoth788,1,0,0
Backmoth789,1,0,0
Backmoth790,1,0,0
Backmoth791,1,0,0
Backmoth792,1,0,0
Backmoth793,1,0,0
Backmoth794,1,0,0
Backmoth795,1,0,0
Backmoth796,1,0,0
Backmoth797,1,0,0
Backmoth798,1,0,0
Backmoth799,1,0,0
Backmoth800,1,0,0
Backmoth801,1,0,0
Backmoth802,1,0,0
Backmoth803,1,0,0
Backmoth804,1,0,0
Backmoth805,1,0,0
Backmoth806,1,0,0
Backmoth807,1,0,0
Backmoth808,1,0,0
Backmoth809,1,0,0
Backmoth810,1,0,0
Backmoth811,1,0,0
Backmoth812,1,0,0
Backmoth813,1,0,0
Backmoth814,1,0,0
Backmoth815,1,0,0
Backmoth816,1,0,0
Backmoth817,1,0,0
Backmoth818,1,0,0
Backmoth819,1,0,0
Backmoth820,1,0,0
Backmoth821,1,0,0
Backmoth822,1,0,0
Backmoth823,1,0,0
Backmoth824,1,0,0
Backmoth825,1,0,0
Backmoth826,1,0,0
Backmoth827,1,0,0
Backmoth828,1,0,0
Backmoth829,1,0,0
Backmoth830,1,0,0
Backmoth831,1,0,0
Backmoth832,1,0,0
Backmoth833,1,0,0
Backmoth834,1,0,0
Backmoth835,1,0,0
Backmoth836,1,0,0
Backmoth837,1,0,0
Backmoth838,1,0,0
Backmoth839,1,0,0
Backmoth840,1,0,0
Backmoth841,1,0,0
Backmoth842,1,0,0
Backmoth843,1,0,0
Backmoth844,1,0,0
Backmoth845,1,0,0
Backmoth846,1,0,0
Backmoth847,1,0,0
Backmoth848,1,0,0
Backmoth849,1,0,0
Backmoth850,1,0,0
Backmoth851,1,0,0
Backmoth852,1,0,0
Backmoth853,1,0,0
Backmoth854,1,0,0
Backmoth855,1,0,0
Backmoth856,1,0,0
Backmoth857,1,0,0
Backmoth858,1,0,0
Backmoth859,1,0,0
Backmoth860,1,0,0
Backmoth861,1,0,0
Backmoth862,1,0,0
Backmoth863,1,0,0
Backmoth864,1,0,0
Backmoth865,1,0,0
Backmoth866,1,0,0
Backmoth867,1,0,0
Backmoth868,1,0,0
Backmoth869,1,0,0
Backmoth870,1,0,0
Backmoth871,1,0,0
Backmoth872,1,0,0
Backmoth873,1,0,0
Backmoth874,1,0,0
Backmoth875,1,0,0
Backmoth876,1,0,0
Backmoth877,1,0,0
Backmoth878,1,0,0
Backmoth879,1,0,0
Backmoth880,1,0,0
Backmoth881,1,0,0
Backmoth882,1,0,0
Backmoth883,1,0,0
Backmoth884,1,0,0
Backmoth885,1,0,0
Backmoth886,1,0,0
Backmoth887,1,0,0
Backmoth888,1,0,0
Backmoth889,1,0,0
Backmoth890,1,0,0
Backmoth891,1,0,0
Backmoth892,1,0,0
Backmoth893,1,0,0
Backmoth894,1,0,0
Backmoth895,1,0,0
Backmoth896,1,0,0
Backmoth897,1,0,0
Backmoth898,1,0,0
Backmoth899,1,0,0
Backmoth900,1,0,0
Backmoth901,1,0,0
Backmoth902,1,0,0
Backmoth903,1,0,0
Backmoth904,1,0,0
Backmoth905,1,0,0
Backmoth906,1,0,0
Backmoth907,1,0,0
Backmoth908,1,0,0
Backmoth909,1,0,0
Backmoth910,1,0,0
Backmoth911,1,0,0
Backmoth912,1,0,0
Backmoth913,1,0,0
Backmoth914,1,0,0
Backmoth915,1,0,0
Backmoth916,1,0,0
Backmoth917,1,0,0
Backmoth918,1,0,0
Backmoth919,1,0,0
Backmoth920,1,0,0
Backmoth921,1,0,0
Backmoth922,1,0,0
Backmoth923,1,0,0
Backmoth924,1,0,0
Backmoth925,1,0,0
Backmoth926,1,0,0
Backmoth927,1,0,0
Backmoth928,1,0,0
Backmoth929,1,0,0
Backmoth930,1,0,0
Backmoth931,1,0,0
Backmoth932,1,0,0
Backmoth933,1,0,0
Backmoth934,1,0,0
Backmoth935,1,0,0
Backmoth936,1,0,0
Backmoth937,1,0,0
Backmoth938,1,0,0
Backmoth939,1,0,0
Backmoth940,1,0,0
Backmoth941,1,0,0
Backmoth942,1,0,0
Backmoth943,1,0,0
Backmoth944,1,0,0
Backmoth945,1,0,0
Backmoth946,1,0,0
Backmoth947,1,0,0
Backmoth948,1,0,0
Backmoth949,1,0,0
Backmoth950,1,0,0
Backmoth951,1,0,0
Backmoth952,1,0,0
Backmoth953,1,0,0
Backmoth954,1,0,0
Backmoth955,1,0,0
Backmoth956,1,0,0
Backmoth957,1,0,0
Backmoth958,1,0,0
Backmoth959,1,0,0
Backmoth960,1,0,0
Backmoth961,1,0,0
Backmoth962,1,0,0
Backmoth963,1,0,0
Backmoth964,1,0,0
Backmoth965,1,0,0
Backmoth966,1,0,0
Backmoth967,1,0,0
Backmoth968,1,0,0
Backmoth969,1,0,0
Backmoth970,1,0,0
Backmoth971,1,0,0
Backmoth972,1,0,0
Backmoth973,1,0,0
Backmoth974,1,0,0
Backmoth975,1,0,0
Backmoth976,1,0,0
Backmoth977,1,0,0
Backmoth978,1,0,0
Backmoth979,1,0,0
Backmoth980,1,0,0
Backmoth981,1,0,0
Backmoth982,1,0,0
Backmoth983,1,0,0
Backmoth984,1,0,0
Backmoth985,1,0,0
Backmoth986,1,0,0
Backmoth987,1,0,0
Backmoth988,1,0,0
Backmoth989,1,0,0
Backmoth990,1,0,0
Backmoth991,1,0,0
Backmoth992,1,0,0
Backmoth993,1,0,0
Backmoth994,1,0,0
Backmoth995,1,0,0
Backmoth996,1,0,0
Backmoth997,1,0,0
Backmoth998,1,0,0
Backmoth999,1,0,0
Backmoth1000,1,0,0
Backmoth1001,1,0,0
Backmoth1002,1,0,0
Backmoth1003,1,0,0
Backmoth1004,1,0,0
Backmoth1005,1,0,0
Backmoth1006,1,0,0
Backmoth1007,1,0,0
Backmoth1008,1,0,0
Backmoth1009,1,0,0
Backmoth1010,1,0,0
Backmoth1011,1,0,0
Backmoth1012,1,0,0
Backmoth1013,1,0,0
Backmoth1014,1,0,0
Backmoth1015,1,0,0
Backmoth1016,1,0,0
Backmoth1017,1,0,0
Backmoth1018,1,0,0
Backmoth1019,1,0,0
Backmoth1020,1,0,0
Backmoth1021,1,0,0
Backmoth1022,1,0,0
Backmoth1023,1,0,0
Backmoth1024,1,0,0
Backmoth1025,1,0,0
Backmoth1026,1,0,0
Backmoth1027,1,0,0
Backmoth1028,1,0,0
Backmoth1029,1,0,0
Backmoth1030,1,0,0
Backmoth1031,1,0,0
Backmoth1032,1,0,0
Backmoth1033,1,0,0
Backmoth1034,1,0,0
Backmoth1035,1,0,0
Backmoth1036,1,0,0
Backmoth1037,1,0,0
Backmoth1038,1,0,0
Backmoth1039,1,0,0
Backmoth1040,1,0,0
Backmoth1041,1,0,0
Backmoth1042,1,0,0
Backmoth1043,1,0,0
Backmoth1044,1,0,0
Backmoth1045,1,0,0
Backmoth1046,1,0,0
Backmoth1047,1,0,0
Backmoth1048,1,0,0
Backmoth1049,1,0,0
Backmoth1050,1,0,0
Backmoth1051,1,0,0
Backmoth1052,1,0,0
Backmoth1053,1,0,0
Backmoth1054,1,0,0
Backmoth1055,1,0,0
Backmoth1056,1,0,0
Backmoth1057,1,0,0
Backmoth1058,1,0,0
Backmoth1059,1,0,0
Backmoth1060,1,0,0
Backmoth1061,1,0,0
Backmoth1062,1,0,0
Backmoth1063,1,0,0
Backmoth1064,1,0,0
Backmoth1065,1,0,0
Backmoth1066,1,0,0
Backmoth1067,1,0,0
Backmoth1068,1,0,0
Backmoth1069,1,0,0
Backmoth1070,1,0,0
Backmoth1071,1,0,0
Backmoth1072,1,0,0
Backmoth1073,1,0,0
Backmoth1074,1,0,0
Backmoth1075,1,0,0
Backmoth1076,1,0,0
Backmoth1077,1,0,0
Backmoth1078,1,0,0
Backmoth1079,1,0,0
Backmoth1080,1,0,0
Backmoth1081,1,0,0
Backmoth1082,1,0,0
Backmoth1083,1,0,0
Backmoth1084,1,0,0
Backmoth1085,1,0,0
Backmoth1086,1,0,0
Backmoth1087,1,0,0
Backmoth1088,1,0,0
Backmoth1089,1,0,0
Backmoth1090,1,0,0
Backmoth1091,1,0,0
Backmoth1092,1,0,0
Backmoth1093,1,0,0
Backmoth1094,1,0,0
Backmoth1095,1,0,0
Backmoth1096,1,0,0
Backmoth1097,1,0,0
Backmoth1098,1,0,0
Backmoth1099,1,0,0
Backmoth1100,1,0,0
Backmoth1101,1,0,0
Backmoth1102,1,0,0
Backmoth1103,1,0,0
Backmoth1104,1,0,0
Backmoth1105,1,0,0
Backmoth1106,1,0,0
Backmoth1107,1,0,0
Backmoth1108,1,0,0
Backmoth1109,1,0,0
Backmoth1110,1,0,0
Backmoth1111,1,0,0
Backmoth1112,1,0,0
Backmoth1113,1,0,0
Backmoth1114,1,0,0
Backmoth1115,1,0,0
Backmoth1116,1,0,0
Backmoth1117,1,0,0
Backmoth1118,1,0,0
Backmoth1119,1,0,0
Backmoth1120,1,0,0
Backmoth1121,1,0,0
Backmoth1122,1,0,0
Backmoth1123,1,0,0
Backmoth1124,1,0,0
Backmoth1125,1,0,0
Backmoth1126,1,0,0
Backmoth1127,1,0,0
Backmoth1128,1,0,0
Backmoth1129,1,0,0
Backmoth1130,1,0,0
Backmoth1131,1,0,0
Backmoth1132,1,0,0
Backmoth1133,1,0,0
Backmoth1134,1,0,0
Backmoth1135,1,0,0
Backmoth1136,1,0,0
Backmoth1137,1,0,0
Backmoth1138,1,0,0
Backmoth1139,1,0,0
Backmoth1140,1,0,0
Backmoth1141,1,0,0
Backmoth1142,1,0,0
Backmoth1143,1,0,0
Backmoth1144,1,0,0
Backmoth1145,1,0,0
Backmoth1146,1,0,0
Backmoth1147,1,0,0
Backmoth1148,1,0,0
Backmoth1149,1,0,0
Backmoth1150,1,0,0
Backmoth1151,1,0,0
Backmoth1152,1,0,0
Backmoth1153,1,0,0
Backmoth1154,1,0,0
Backmoth1155,1,0,0
Backmoth1156,1,0,0
Backmoth1157,1,0,0
Backmoth1158,1,0,0
Backmoth1159,1,0,0
Backmoth1160,1,0,0
Backmoth1161,1,0,0
Backmoth1162,1,0,0
Backmoth1163,1,0,0
Backmoth1164,1,0,0
Backmoth1165,1,0,0
Backmoth1166,1,0,0
Backmoth1167,1,0,0
Backmoth1168,1,0,0
Backmoth1169,1,0,0
Backmoth1170,1,0,0
Backmoth1171,1,0,0
Backmoth1172,1,0,0
Backmoth1173,1,0,0
Backmoth1174,1,0,0
Backmoth1175,1,0,0
Backmoth1176,1,0,0
Backmoth1177,1,0,0
Backmoth1178,1,0,0
Backmoth1179,1,0,0
Backmoth1180,1,0,0
Backmoth1181,1,0,0
Backmoth1182,1,0,0
Backmoth1183,1,0,0
Backmoth1184,1,0,0
Backmoth1185,1,0,0
Backmoth1186,1,0,0
Backmoth1187,1,0,0
Backmoth1188,1,0,0
Backmoth1189,1,0,0
Backmoth1190,1,0,0
Backmoth1191,1,0,0
Backmoth1192,1,0,0
Backmoth1193,1,0,0
Backmoth1194,1,0,0
Backmoth1195,1,0,0
Backmoth1196,1,0,0
Backmoth1197,1,0,0
Backmoth1198,1,0,0
Backmoth1199,1,0,0
Backmoth1200,1,0,0
Backmoth1201,1,0,0
Backmoth1202,1,0,0
Backmoth1203,1,0,0
Backmoth1204,1,0,0
Backmoth1205,1,0,0
Backmoth1206,1,0,0
Backmoth1207,1,0,0
Backmoth1208,1,0,0
Backmoth1209,1,0,0
Backmoth1210,1,0,0
Backmoth1211,1,0,0
Backmoth1212,1,0,0
Backmoth1213,1,0,0
Backmoth1214,1,0,0
Backmoth1215,1,0,0
Backmoth1216,1,0,0
Backmoth1217,1,0,0
Backmoth1218,1,0,0
Backmoth1219,1,0,0
Backmoth1220,1,0,0
Backmoth1221,1,0,0
Backmoth1222,1,0,0
Backmoth1223,1,0,0
Backmoth1224,1,0,0
Backmoth1225,1,0,0
Backmoth1226,1,0,0
Backmoth1227,1,0,0
Backmoth1228,1,0,0
Backmoth1229,1,0,0
Backmoth1230,1,0,0
Backmoth1231,1,0,0
Backmoth1232,1,0,0
Backmoth1233,1,0,0
Backmoth1234,1,0,0
Backmoth1235,1,0,0
Backmoth1236,1,0,0
Backmoth1237,1,0,0
Backmoth1238,1,0,0
Backmoth1239,1,0,0
Backmoth1240,1,0,0
Backmoth1241,1,0,0
Backmoth1242,1,0,0
Backmoth1243,1,0,0
Backmoth1244,1,0,0
Backmoth1245,1,0,0
Backmoth1246,1,0,0
Backmoth1247,1,0,0
Backmoth1248,1,0,0
Backmoth1249,1,0,0
Backmoth1250,1,0,0
Backmoth1251,1,0,0
Backmoth1252,1,0,0
Backmoth1253,1,0,0
Backmoth1254,1,0,0
Backmoth1255,1,0,0
Backmoth1256,1,0,0
Backmoth1257,1,0,0
Backmoth1258,1,0,0
Backmoth1259,1,0,0
Backmoth1260,1,0,0
Backmoth1261,1,0,0
Backmoth1262,1,0,0
Backmoth1263,1,0,0
Backmoth1264,1,0,0
Backmoth1265,1,0,0
Backmoth1266,1,0,0
Backmoth1267,1,0,0
Backmoth1268,1,0,0
Backmoth1269,1,0,0
Backmoth1270,1,0,0
Backmoth1271,1,0,0
Backmoth1272,1,0,0
Backmoth1273,1,0,0
Backmoth1274,1,0,0
Backmoth1275,1,0,0
Backmoth1276,1,0,0
Backmoth1277,1,0,0
Backmoth1278,1,0,0
Backmoth1279,1,0,0
Backmoth1280,1,0,0
Backmoth1281,1,0,0
Backmoth1282,1,0,0
Backmoth1283,1,0,0
Backmoth1284,1,0,0
Backmoth1285,1,0,0
Backmoth1286,1,0,0
Backmoth1287,1,0,0
Backmoth1288,1,0,0
Backmoth1289,1,0,0
Backmoth1290,1,0,0
Backmoth1291,1,0,0
Backmoth1292,1,0,0
Backmoth1293,1,0,0
Backmoth1294,1,0,0
Backmoth1295,1,0,0
Backmoth1296,1,0,0
Backmoth1297,1,0,0
Backmoth1298,1,0,0
Backmoth1299,1,0,0
Backmoth1300,1,0,0
Backmoth1301,1,0,0
Backmoth1302,1,0,0
Backmoth1303,1,0,0
Backmoth1304,1,0,0
Backmoth1305,1,0,0
Backmoth1306,1,0,0
Backmoth1307,1,0,0
Backmoth1308,1,0,0
Backmoth1309,1,0,0
Backmoth1310,1,0,0
Backmoth1311,1,0,0
Backmoth1312,1,0,0
Backmoth1313,1,0,0
Backmoth1314,1,0,0
Backmoth1315,1,0,0
Backmoth1316,1,0,0
Backmoth1317,1,0,0
Backmoth1318,1,0,0
Backmoth1319,1,0,0
Backmoth1320,1,0,0
Backmoth1321,1,0,0
Backmoth1322,1,0,0
Backmoth1323,1,0,0
Backmoth1324,1,0,0
Backmoth1325,1,0,0
Backmoth1326,1,0,0
Backmoth1327,1,0,0
Backmoth1328,1,0,0
Backmoth1329,1,0,0
Backmoth1330,1,0,0
Backmoth1331,1,0,0
Backmoth1332,1,0,0
Backmoth1333,1,0,0
Backmoth1334,1,0,0
Backmoth1335,1,0,0
Backmoth1336,1,0,0
Backmoth1337,1,0,0
Backmoth1338,1,0,0
Backmoth1339,1,0,0
Backmoth1340,1,0,0
Backmoth1341,1,0,0
Backmoth1342,1,0,0
Backmoth1343,1,0,0
Backmoth1344,1,0,0
Backmoth1345,1,0,0
Backmoth1346,1,0,0
Backmoth1347,1,0,0
Backmoth1348,1,0,0
Backmoth1349,1,0,0
Backmoth1350,1,0,0
Backmoth1351,1,0,0
Backmoth1352,1,0,0
Backmoth1353,1,0,0
Backmoth1354,1,0,0
Backmoth1355,1,0,0
Backmoth1356,1,0,0
Backmoth1357,1,0,0
Backmoth1358,1,0,0
Backmoth1359,1,0,0
Backmoth1360,1,0,0
Backmoth1361,1,0,0
Backmoth1362,1,0,0
Backmoth1363,1,0,0
Backmoth1364,1,0,0
Backmoth1365,1,0,0
Backmoth1366,1,0,0
Backmoth1367,1,0,0
Backmoth1368,1,0,0
Backmoth1369,1,0,0
Backmoth1370,1,0,0
Backmoth1371,1,0,0
Backmoth1372,1,0,0
Backmoth1373,1,0,0
Backmoth1374,1,0,0
Backmoth1375,1,0,0
Backmoth1376,1,0,0
Backmoth1377,1,0,0
Backmoth1378,1,0,0
Backmoth1379,1,0,0
Backmoth1380,1,0,0
Backmoth1381,1,0,0
Backmoth1382,1,0,0
Backmoth1383,1,0,0
Backmoth1384,1,0,0
Backmoth1385,1,0,0
Backmoth1386,1,0,0
Backmoth1387,1,0,0
Backmoth1388,1,0,0
Backmoth1389,1,0,0
Backmoth1390,1,0,0
Backmoth1391,1,0,0
Backmoth1392,1,0,0
Backmoth1393,1,0,0
Backmoth1394,1,0,0
Backmoth1395,1,0,0
Backmoth1396,1,0,0
Backmoth1397,1,0,0
Backmoth1398,1,0,0
Backmoth1399,1,0,0
Backmoth1400,1,0,0
Backmoth1401,1,0,0
Backmoth1402,1,0,0
Backmoth1403,1,0,0
Backmoth1404,1,0,0
Backmoth1405,1,0,0
Backmoth1406,1,0,0
Backmoth1407,1,0,0
Backmoth1408,1,0,0
Backmoth1409,1,0,0
Backmoth1410,1,0,0
Backmoth1411,1,0,0
Backmoth1412,1,0,0
Backmoth1413,1,0,0
Backmoth1414,1,0,0
Backmoth1415,1,0,0
Backmoth1416,1,0,0
Backmoth1417,1,0,0
Backmoth1418,1,0,0
Backmoth1419,1,0,0
Backmoth1420,1,0,0
Backmoth1421,1,0,0
Backmoth1422,1,0,0
Backmoth1423,1,0,0
Backmoth1424,1,0,0
Backmoth1425,1,0,0
Backmoth1426,1,0,0
Backmoth1427,1,0,0
Backmoth1428,1,0,0
Backmoth1429,1,0,0
Backmoth1430,1,0,0
Backmoth1431,1,0,0
Backmoth1432,1,0,0
Backmoth1433,1,0,0
Backmoth1434,1,0,0
Backmoth1435,1,0,0
Backmoth1436,1,0,0
Backmoth1437,1,0,0
Backmoth1438,1,0,0
Backmoth1439,1,0,0
Backmoth1440,1,0,0
Backmoth1441,1,0,0
Backmoth1442,1,0,0
Backmoth1443,1,0,0
Backmoth1444,1,0,0
Backmoth1445,1,0,0
Backmoth1446,1,0,0
Backmoth1447,1,0,0
Backmoth1448,1,0,0
Backmoth1449,1,0,0
Backmoth1450,1,0,0
Backmoth1451,1,0,0
Backmoth1452,1,0,0
Backmoth1453,1,0,0
Backmoth1454,1,0,0
Backmoth1455,1,0,0
Backmoth1456,1,0,0
Backmoth1457,1,0,0
Backmoth1458,1,0,0
Backmoth1459,1,0,0
Backmoth1460,1,0,0
Backmoth1461,1,0,0
Backmoth1462,1,0,0
Backmoth1463,1,0,0
Backmoth1464,1,0,0
Backmoth1465,1,0,0
Backmoth1466,1,0,0
Backmoth1467,1,0,0
Backmoth1468,1,0,0
Backmoth1469,1,0,0
Backmoth1470,1,0,0
Backmoth1471,1,0,0
Backmoth1472,1,0,0
Backmoth1473,1,0,0
Backmoth1474,1,0,0
Backmoth1475,1,0,0
Backmoth1476,1,0,0
Backmoth1477,1,0,0
Backmoth1478,1,0,0
Backmoth1479,1,0,0
Backmoth1480,1,0,0
Backmoth1481,1,0,0
Backmoth1482,1,0,0
Backmoth1483,1,0,0
Backmoth1484,1,0,0
Backmoth1485,1,0,0
Backmoth1486,1,0,0
Backmoth1487,1,0,0
Backmoth1488,1,0,0
Backmoth1489,1,0,0
Backmoth1490,1,0,0
Backmoth1491,1,0,0
Backmoth1492,1,0,0
Backmoth1493,1,0,0
Backmoth1494,1,0,0
Backmoth1495,1,0,0
Backmoth1496,1,0,0
Backmoth1497,1,0,0
Backmoth1498,1,0,0
Backmoth1499,1,0,0
Backmoth1500,1,0,0
Backmoth1501,1,0,0
Backmoth1502,1,0,0
Backmoth1503,1,0,0
Backmoth1504,1,0,0
Backmoth1505,1,0,0
Backmoth1506,1,0,0
Backmoth1507,1,0,0
Backmoth1508,1,0,0
Backmoth1509,1,0,0
Backmoth1510,1,0,0
Backmoth1511,1,0,0
Backmoth1512,1,0,0
Backmoth1513,1,0,0
Backmoth1514,1,0,0
Backmoth1515,1,0,0
Backmoth1516,1,0,0
Backmoth1517,1,0,0
Backmoth1518,1,0,0
Backmoth1519,1,0,0
Backmoth1520,1,0,0
Backmoth1521,1,0,0
Backmoth1522,1,0,0
Backmoth1523,1,0,0
Backmoth1524,1,0,0
Backmoth1525,1,0,0
Backmoth1526,1,0,0
Backmoth1527,1,0,0
Backmoth1528,1,0,0
Backmoth1529,1,0,0
Backmoth1530,1,0,0
Backmoth1531,1,0,0
Backmoth1532,1,0,0
Backmoth1533,1,0,0
Backmoth1534,1,0,0
Backmoth1535,1,0,0
Backmoth1536,1,0,0
Backmoth1537,1,0,0
Backmoth1538,1,0,0
Backmoth1539,1,0,0
Backmoth1540,1,0,0
Backmoth1541,1,0,0
Backmoth1542,1,0,0
Backmoth1543,1,0,0
Backmoth1544,1,0,0
Backmoth1545,1,0,0
Backmoth1546,1,0,0
Backmoth1547,1,0,0
Backmoth1548,1,0,0
Backmoth1549,1,0,0
Backmoth1550,1,0,0
Backmoth1551,1,0,0
Backmoth1552,1,0,0
Backmoth1553,1,0,0
Backmoth1554,1,0,0
Backmoth1555,1,0,0
Backmoth1556,1,0,0
Backmoth1557,1,0,0
Backmoth1558,1,0,0
Backmoth1559,1,0,0
Backmoth1560,1,0,0
Backmoth1561,1,0,0
Backmoth1562,1,0,0
Backmoth1563,1,0,0
Backmoth1564,1,0,0
Backmoth1565,1,0,0
Backmoth1566,1,0,0
Backmoth1567,1,0,0
Backmoth1568,1,0,0
Backmoth1569,1,0,0
Backmoth1570,1,0,0
Backmoth1571,1,0,0
Backmoth1572,1,0,0
Backmoth1573,1,0,0
Backmoth1574,1,0,0
Backmoth1575,1,0,0
Backmoth1576,1,0,0
Backmoth1577,1,0,0
Backmoth1578,1,0,0
Backmoth1579,1,0,0
Backmoth1580,1,0,0
Backmoth1581,1,0,0
Backmoth1582,1,0,0
Backmoth1583,1,0,0
Backmoth1584,1,0,0
Backmoth1585,1,0,0
Backmoth1586,1,0,0
Backmoth1587,1,0,0
Backmoth1588,1,0,0
Backmoth1589,1,0,0
Backmoth1590,1,0,0
Backmoth1591,1,0,0
Backmoth1592,1,0,0
Backmoth1593,1,0,0
Backmoth1594,1,0,0
Backmoth1595,1,0,0
Backmoth1596,1,0,0
Backmoth1597,1,0,0
Backmoth1598,1,0,0
Backmoth1599,1,0,0
Backmoth1600,1,0,0
Backmoth1601,1,0,0
Backmoth1602,1,0,0
Backmoth1603,1,0,0
Backmoth1604,1,0,0
Backmoth1605,1,0,0
Backmoth1606,1,0,0
Backmoth1607,1,0,0
Backmoth1608,1,0,0
Backmoth1609,1,0,0
Backmoth1610,1,0,0
Backmoth1611,1,0,0
Backmoth1612,1,0,0
Backmoth1613,1,0,0
Backmoth1614,1,0,0
Backmoth1615,1,0,0
Backmoth1616,1,0,0
Backmoth1617,1,0,0
Backmoth1618,1,0,0
Backmoth1619,1,0,0
Backmoth1620,1,0,0
Backmoth1621,1,0,0
Backmoth1622,1,0,0
Backmoth1623,1,0,0
Backmoth1624,1,0,0
Backmoth1625,1,0,0
Backmoth1626,1,0,0
Backmoth1627,1,0,0
Backmoth1628,1,0,0
Backmoth1629,1,0,0
Backmoth1630,1,0,0
Backmoth1631,1,0,0
Backmoth1632,1,0,0
Backmoth1633,1,0,0
Backmoth1634,1,0,0
Backmoth1635,1,0,0
Backmoth1636,1,0,0
Backmoth1637,1,0,0
Backmoth1638,1,0,0
Backmoth1639,1,0,0
Backmoth1640,1,0,0
Backmoth1641,1,0,0
Backmoth1642,1,0,0
Backmoth1643,1,0,0
Backmoth1644,1,0,0
Backmoth1645,1,0,0
Backmoth1646,1,0,0
Backmoth1647,1,0,0
Backmoth1648,1,0,0
Backmoth1649,1,0,0
Backmoth1650,1,0,0
Backmoth1651,1,0,0
Backmoth1652,1,0,0
Backmoth1653,1,0,0
Backmoth1654,1,0,0
Backmoth1655,1,0,0
Backmoth1656,1,0,0
Backmoth1657,1,0,0
Backmoth1658,1,0,0
Backmoth1659,1,0,0
Backmoth1660,1,0,0
Backmoth1661,1,0,0
Backmoth1662,1,0,0
Backmoth1663,1,0,0
Backmoth1664,1,0,0
Backmoth1665,1,0,0
Backmoth1666,1,0,0
Backmoth1667,1,0,0
Backmoth1668,1,0,0
Backmoth1669,1,0,0
Backmoth1670,1,0,0
Backmoth1671,1,0,0
Backmoth1672,1,0,0
Backmoth1673,1,0,0
Backmoth1674,1,0,0
Backmoth1675,1,0,0
Backmoth1676,1,0,0
Backmoth1677,1,0,0
Backmoth1678,1,0,0
Backmoth1679,1,0,0
Backmoth1680,1,0,0
Backmoth1681,1,0,0
Backmoth1682,1,0,0
Backmoth1683,1,0,0
Backmoth1684,1,0,0
Backmoth1685,1,0,0
Backmoth1686,1,0,0
Backmoth1687,1,0,0
Backmoth1688,1,0,0
Backmoth1689,1,0,0
Backmoth1690,1,0,0
Backmoth1691,1,0,0
Backmoth1692,1,0,0
Backmoth1693,1,0,0
Backmoth1694,1,0,0
Backmoth1695,1,0,0
Backmoth1696,1,0,0
Backmoth1697,1,0,0
Backmoth1698,1,0,0
Backmoth1699,1,0,0
Backmoth1700,1,0,0
Backmoth1701,1,0,0
Backmoth1702,1,0,0
Backmoth1703,1,0,0
Backmoth1704,1,0,0
Backmoth1705,1,0,0
Backmoth1706,1,0,0
Backmoth1707,1,0,0
Backmoth1708,1,0,0
Backmoth1709,1,0,0
Backmoth1710,1,0,0
Backmoth1711,1,0,0
Backmoth1712,1,0,0
Backmoth1713,1,0,0
Backmoth1714,1,0,0
Backmoth1715,1,0,0
Backmoth1716,1,0,0
Backmoth1717,1,0,0
Backmoth1718,1,0,0
Backmoth1719,1,0,0
Backmoth1720,1,0,0
Backmoth1721,1,0,0
Backmoth1722,1,0,0
Backmoth1723,1,0,0
Backmoth1724,1,0,0
Backmoth1725,1,0,0
Backmoth1726,1,0,0
Backmoth1727,1,0,0
Backmoth1728,1,0,0
Backmoth1729,1,0,0
Backmoth1730,1,0,0
Backmoth1731,1,0,0
Backmoth1732,1,0,0
Backmoth1733,1,0,0
Backmoth1734,1,0,0
Backmoth1735,1,0,0
Backmoth1736,1,0,0
Backmoth1737,1,0,0
Backmoth1738,1,0,0
Backmoth1739,1,0,0
Backmoth1740,1,0,0
Backmoth1741,1,0,0
Backmoth1742,1,0,0
Backmoth1743,1,0,0
Backmoth1744,1,0,0
Backmoth1745,1,0,0
Backmoth1746,1,0,0
Backmoth1747,1,0,0
Backmoth1748,1,0,0
Backmoth1749,1,0,0
Backmoth1750,1,0,0
Backmoth1751,1,0,0
Backmoth1752,1,0,0
Backmoth1753,1,0,0
Backmoth1754,1,0,0
Backmoth1755,1,0,0
Backmoth1756,1,0,0
Backmoth1757,1,0,0
Backmoth1758,1,0,0
Backmoth1759,1,0,0
Backmoth1760,1,0,0
Backmoth1761,1,0,0
Backmoth1762,1,0,0
Backmoth1763,1,0,0
Backmoth1764,1,0,0
Backmoth1765,1,0,0
Backmoth1766,1,0,0
Backmoth1767,1,0,0
Backmoth1768,1,0,0
Backmoth1769,1,0,0
Backmoth1770,1,0,0
Backmoth1771,1,0,0
Backmoth1772,1,0,0
Backmoth1773,1,0,0
Backmoth1774,1,0,0
Backmoth1775,1,0,0
Backmoth1776,1,0,0
Backmoth1777,1,0,0
Backmoth1778,1,0,0
Backmoth1779,1,0,0
Backmoth1780,1,0,0
Backmoth1781,1,0,0
Backmoth1782,1,0,0
Backmoth1783,1,0,0
Backmoth1784,1,0,0
Backmoth1785,1,0,0
Backmoth1786,1,0,0
Backmoth1787,1,0,0
Backmoth1788,1,0,0
Backmoth1789,1,0,0
Backmoth1790,1,0,0
Backmoth1791,1,0,0
Backmoth1792,1,0,0
Backmoth1793,1,0,0
Leafminer1,0,1,0
Leafminer2,0,1,0
Leafminer3,0,1,0
Leafminer4,0,1,0
Leafminer5,0,1,0
Leafminer6,0,1,0
Leafminer7,0,1,0
Leafminer8,0,1,0
Leafminer9,0,1,0
Leafminer10,0,1,0
Leafminer11,0,1,0
Leafminer12,0,1,0
Leafminer13,0,1,0
Leafminer14,0,1,0
Leafminer15,0,1,0
Leafminer16,0,1,0
Leafminer17,0,1,0
Leafminer18,0,1,0
Leafminer19,0,1,0
Leafminer20,0,1,0
Leafminer21,0,1,0
Leafminer22,0,1,0
Leafminer23,0,1,0
Leafminer24,0,1,0
Leafminer25,0,1,0
Leafminer26,0,1,0
Leafminer27,0,1,0
Leafminer28,0,1,0
Leafminer29,0,1,0
Leafminer30,0,1,0
Leafminer31,0,1,0
Leafminer32,0,1,0
Leafminer33,0,1,0
Leafminer34,0,1,0
Leafminer35,0,1,0
Leafminer36,0,1,0
Leafminer37,0,1,0
Leafminer38,0,1,0
Leafminer39,0,1,0
Leafminer40,0,1,0
Leafminer41,0,1,0
Leafminer42,0,1,0
Leafminer43,0,1,0
Leafminer44,0,1,0
Leafminer45,0,1,0
Leafminer46,0,1,0
Leafminer47,0,1,0
Leafminer48,0,1,0
Leafminer49,0,1,0
Leafminer50,0,1,0
Leafminer51,0,1,0
Leafminer52,0,1,0
Leafminer53,0,1,0
Leafminer54,0,1,0
Leafminer55,0,1,0
Leafminer56,0,1,0
Leafminer57,0,1,0
Leafminer58,0,1,0
Leafminer59,0,1,0
Leafminer60,0,1,0
Leafminer61,0,1,0
Leafminer62,0,1,0
Leafminer63,0,1,0
Leafminer64,0,1,0
Leafminer65,0,1,0
Leafminer66,0,1,0
Leafminer67,0,1,0
Leafminer68,0,1,0
Leafminer69,0,1,0
Leafminer70,0,1,0
Leafminer71,0,1,0
Leafminer72,0,1,0
Leafminer73,0,1,0
Leafminer74,0,1,0
Leafminer75,0,1,0
Leafminer76,0,1,0
Leafminer77,0,1,0
Leafminer78,0,1,0
Leafminer79,0,1,0
Leafminer80,0,1,0
Leafminer81,0,1,0
Leafminer82,0,1,0
Leafminer83,0,1,0
Leafminer84,0,1,0
Leafminer85,0,1,0
Leafminer86,0,1,0
Leafminer87,0,1,0
Leafminer88,0,1,0
Leafminer89,0,1,0
Leafminer90,0,1,0
Leafminer91,0,1,0
Leafminer92,0,1,0
Leafminer93,0,1,0
Leafminer94,0,1,0
Leafminer95,0,1,0
Leafminer96,0,1,0
Leafminer97,0,1,0
Leafminer98,0,1,0
Leafminer99,0,1,0
Leafminer100,0,1,0
Leafminer101,0,1,0
Leafminer102,0,1,0
Leafminer103,0,1,0
Leafminer104,0,1,0
Leafminer105,0,1,0
Leafminer106,0,1,0
Leafminer107,0,1,0
Leafminer108,0,1,0
Leafminer109,0,1,0
Leafminer110,0,1,0
Leafminer111,0,1,0
Leafminer112,0,1,0
Leafminer113,0,1,0
Leafminer114,0,1,0
Leafminer115,0,1,0
Leafminer116,0,1,0
Leafminer117,0,1,0
Leafminer118,0,1,0
Leafminer119,0,1,0
Leafminer120,0,1,0
Leafminer121,0,1,0
Leafminer122,0,1,0
Leafminer123,0,1,0
Leafminer124,0,1,0
Leafminer125,0,1,0
Leafminer126,0,1,0
Leafminer127,0,1,0
Leafminer128,0,1,0
Leafminer129,0,1,0
Leafminer130,0,1,0
Leafminer131,0,1,0
Leafminer132,0,1,0
Leafminer133,0,1,0
Leafminer134,0,1,0
Leafminer135,0,1,0
Leafminer136,0,1,0
Leafminer137,0,1,0
Leafminer138,0,1,0
Leafminer139,0,1,0
Leafminer140,0,1,0
Leafminer141,0,1,0
Leafminer142,0,1,0
Leafminer143,0,1,0
Leafminer144,0,1,0
Leafminer145,0,1,0
Leafminer146,0,1,0
Leafminer147,0,1,0
Leafminer148,0,1,0
Leafminer149,0,1,0
Leafminer150,0,1,0
Leafminer151,0,1,0
Leafminer152,0,1,0
Leafminer153,0,1,0
Leafminer154,0,1,0
Leafminer155,0,1,0
Leafminer156,0,1,0
Leafminer157,0,1,0
Leafminer158,0,1,0
Leafminer159,0,1,0
Leafminer160,0,1,0
Leafminer161,0,1,0
Leafminer162,0,1,0
Leafminer163,0,1,0
Leafminer164,0,1,0
Leafminer165,0,1,0
Leafminer166,0,1,0
Leafminer167,0,1,0
Leafminer168,0,1,0
Leafminer169,0,1,0
Leafminer170,0,1,0
Leafminer171,0,1,0
Leafminer172,0,1,0
Leafminer173,0,1,0
Leafminer174,0,1,0
Leafminer175,0,1,0
Leafminer176,0,1,0
Leafminer177,0,1,0
Leafminer178,0,1,0
Leafminer179,0,1,0
Leafminer180,0,1,0
Leafminer181,0,1,0
Leafminer182,0,1,0
Leafminer183,0,1,0
Leafminer184,0,1,0
Leafminer185,0,1,0
Leafminer186,0,1,0
Leafminer187,0,1,0
Leafminer188,0,1,0
Leafminer189,0,1,0
Leafminer190,0,1,0
Leafminer191,0,1,0
Leafminer192,0,1,0
Leafminer193,0,1,0
Leafminer194,0,1,0
Leafminer195,0,1,0
Leafminer196,0,1,0
Leafminer197,0,1,0
Leafminer198,0,1,0
Leafminer199,0,1,0
Leafminer200,0,1,0
Leafminer201,0,1,0
Leafminer202,0,1,0
Leafminer203,0,1,0
Leafminer204,0,1,0
Leafminer205,0,1,0
Leafminer206,0,1,0
Leafminer207,0,1,0
Leafminer208,0,1,0
Leafminer209,0,1,0
Leafminer210,0,1,0
Leafminer211,0,1,0
Leafminer212,0,1,0
Leafminer213,0,1,0
Leafminer214,0,1,0
Leafminer215,0,1,0
Leafminer216,0,1,0
Leafminer217,0,1,0
Leafminer218,0,1,0
Leafminer219,0,1,0
Leafminer220,0,1,0
Leafminer221,0,1,0
Leafminer222,0,1,0
Leafminer223,0,1,0
Leafminer224,0,1,0
Leafminer225,0,1,0
Leafminer226,0,1,0
Leafminer227,0,1,0
Leafminer228,0,1,0
Leafminer229,0,1,0
Leafminer230,0,1,0
Leafminer231,0,1,0
Leafminer232,0,1,0
Leafminer233,0,1,0
Leafminer234,0,1,0
Leafminer235,0,1,0
Leafminer236,0,1,0
Leafminer237,0,1,0
Leafminer238,0,1,0
Leafminer239,0,1,0
Leafminer240,0,1,0
Leafminer241,0,1,0
Leafminer242,0,1,0
Leafminer243,0,1,0
Leafminer244,0,1,0
Leafminer245,0,1,0
Leafminer246,0,1,0
Leafminer247,0,1,0
Leafminer248,0,1,0
Leafminer249,0,1,0
Leafminer250,0,1,0
Leafminer251,0,1,0
Leafminer252,0,1,0
Leafminer253,0,1,0
Leafminer254,0,1,0
Leafminer255,0,1,0
Leafminer256,0,1,0
Leafminer257,0,1,0
Leafminer258,0,1,0
Leafminer259,0,1,0
Leafminer260,0,1,0
Leafminer261,0,1,0
Leafminer262,0,1,0
Leafminer263,0,1,0
Leafminer264,0,1,0
Leafminer265,0,1,0
Leafminer266,0,1,0
Leafminer267,0,1,0
Leafminer268,0,1,0
Leafminer269,0,1,0
Leafminer270,0,1,0
Leafminer271,0,1,0
Leafminer272,0,1,0
Leafminer273,0,1,0
Leafminer274,0,1,0
Leafminer275,0,1,0
Leafminer276,0,1,0
Leafminer277,0,1,0
Leafminer278,0,1,0
Leafminer279,0,1,0
Leafminer280,0,1,0
Leafminer281,0,1,0
Leafminer282,0,1,0
Leafminer283,0,1,0
Leafminer284,0,1,0
Leafminer285,0,1,0
Leafminer286,0,1,0
Leafminer287,0,1,0
Leafminer288,0,1,0
Leafminer289,0,1,0
Leafminer290,0,1,0
Leafminer291,0,1,0
Leafminer292,0,1,0
Leafminer293,0,1,0
Leafminer294,0,1,0
Leafminer295,0,1,0
Leafminer296,0,1,0
Leafminer297,0,1,0
Leafminer298,0,1,0
Leafminer299,0,1,0
Leafminer300,0,1,0
Leafminer301,0,1,0
Leafminer302,0,1,0
Leafminer303,0,1,0
Leafminer304,0,1,0
Leafminer305,0,1,0
Leafminer306,0,1,0
Leafminer307,0,1,0
Leafminer308,0,1,0
Leafminer309,0,1,0
Leafminer310,0,1,0
Leafminer311,0,1,0
Leafminer312,0,1,0
Leafminer313,0,1,0
Leafminer314,0,1,0
Leafminer315,0,1,0
Leafminer316,0,1,0
Leafminer317,0,1,0
Leafminer318,0,1,0
Leafminer319,0,1,0
Leafminer320,0,1,0
Leafminer321,0,1,0
Leafminer322,0,1,0
Leafminer323,0,1,0
Leafminer324,0,1,0
Leafminer325,0,1,0
Leafminer326,0,1,0
Leafminer327,0,1,0
Leafminer328,0,1,0
Leafminer329,0,1,0
Leafminer330,0,1,0
Leafminer331,0,1,0
Leafminer332,0,1,0
Leafminer333,0,1,0
Mildew1,0,0,1
Mildew2,0,0,1
Mildew3,0,0,1
Mildew4,0,0,1
Mildew5,0,0,1
Mildew6,0,0,1
Mildew7,0,0,1
Mildew8,0,0,1
Mildew9,0,0,1
Mildew10,0,0,1
Mildew11,0,0,1
Mildew12,0,0,1
Mildew13,0,0,1
Mildew14,0,0,1
Mildew15,0,0,1
Mildew16,0,0,1
Mildew17,0,0,1
Mildew18,0,0,1
Mildew19,0,0,1
Mildew20,0,0,1
Mildew21,0,0,1
Mildew22,0,0,1
Mildew23,0,0,1
Mildew24,0,0,1
Mildew25,0,0,1
Mildew26,0,0,1
Mildew27,0,0,1
Mildew28,0,0,1
Mildew29,0,0,1
Mildew30,0,0,1
Mildew31,0,0,1
Mildew32,0,0,1
Mildew33,0,0,1
Mildew34,0,0,1
Mildew35,0,0,1
Mildew36,0,0,1
Mildew37,0,0,1
Mildew38,0,0,1
Mildew39,0,0,1
Mildew40,0,0,1
Mildew41,0,0,1
Mildew42,0,0,1
Mildew43,0,0,1
Mildew44,0,0,1
Mildew45,0,0,1
Mildew46,0,0,1
Mildew47,0,0,1
Mildew48,0,0,1
Mildew49,0,0,1
Mildew50,0,0,1
Mildew51,0,0,1
Mildew52,0,0,1
Mildew53,0,0,1
Mildew54,0,0,1
Mildew55,0,0,1
Mildew56,0,0,1
Mildew57,0,0,1
Mildew58,0,0,1
Mildew59,0,0,1
Mildew60,0,0,1
Mildew61,0,0,1
Mildew62,0,0,1
Mildew63,0,0,1
Mildew64,0,0,1
Mildew65,0,0,1
Mildew66,0,0,1
Mildew67,0,0,1
Mildew68,0,0,1
Mildew69,0,0,1
Mildew70,0,0,1
Mildew71,0,0,1
Mildew72,0,0,1
Mildew73,0,0,1
Mildew74,0,0,1
Mildew75,0,0,1
Mildew76,0,0,1
Mildew77,0,0,1
Mildew78,0,0,1
Mildew79,0,0,1
Mildew80,0,0,1
Mildew81,0,0,1
Mildew82,0,0,1
Mildew83,0,0,1
Mildew84,0,0,1
Mildew85,0,0,1
Mildew86,0,0,1
Mildew87,0,0,1
Mildew88,0,0,1
Mildew89,0,0,1
Mildew90,0,0,1
Mildew91,0,0,1
Mildew92,0,0,1
Mildew93,0,0,1
Mildew94,0,0,1
Mildew95,0,0,1
Mildew96,0,0,1
Mildew97,0,0,1
Mildew98,0,0,1
Mildew99,0,0,1
Mildew100,0,0,1
Mildew101,0,0,1
Mildew102,0,0,1
Mildew103,0,0,1
Mildew104,0,0,1
Mildew105,0,0,1
Mildew106,0,0,1
Mildew107,0,0,1
Mildew108,0,0,1
Mildew109,0,0,1
Mildew110,0,0,1
Mildew111,0,0,1
Mildew112,0,0,1
Mildew113,0,0,1
Mildew114,0,0,1
Mildew115,0,0,1
Mildew116,0,0,1
Mildew117,0,0,1
Mildew118,0,0,1
Mildew119,0,0,1
Mildew120,0,0,1
Mildew121,0,0,1
Mildew122,0,0,1
Mildew123,0,0,1
Mildew124,0,0,1
Mildew125,0,0,1
Mildew126,0,0,1
Mildew127,0,0,1
Mildew128,0,0,1
Mildew129,0,0,1
Mildew130,0,0,1
Mildew131,0,0,1
Mildew132,0,0,1
Mildew133,0,0,1
Mildew134,0,0,1
Mildew135,0,0,1
Mildew136,0,0,1
Mildew137,0,0,1
Mildew138,0,0,1
Mildew139,0,0,1
Mildew140,0,0,1
Mildew141,0,0,1
Mildew142,0,0,1
Mildew143,0,0,1
Mildew144,0,0,1
Mildew145,0,0,1
Mildew146,0,0,1
Mildew147,0,0,1
Mildew148,0,0,1
Mildew149,0,0,1
Mildew150,0,0,1
Mildew151,0,0,1
Mildew152,0,0,1
Mildew153,0,0,1
Mildew154,0,0,1
Mildew155,0,0,1
Mildew156,0,0,1
Mildew157,0,0,1
Mildew158,0,0,1
Mildew159,0,0,1
Mildew160,0,0,1
Mildew161,0,0,1
Mildew162,0,0,1
Mildew163,0,0,1
Mildew164,0,0,1
Mildew165,0,0,1
Mildew166,0,0,1
Mildew167,0,0,1
Mildew168,0,0,1
Mildew169,0,0,1
Mildew170,0,0,1
Mildew171,0,0,1
Mildew172,0,0,1
Mildew173,0,0,1
Mildew174,0,0,1
Mildew175,0,0,1
Mildew176,0,0,1
Mildew177,0,0,1
Mildew178,0,0,1
Mildew179,0,0,1
Mildew180,0,0,1
Mildew181,0,0,1
Mildew182,0,0,1
Mildew183,0,0,1
Mildew184,0,0,1
Mildew185,0,0,1
Mildew186,0,0,1
Mildew187,0,0,1
Mildew188,0,0,1
Mildew189,0,0,1
Mildew190,0,0,1
Mildew191,0,0,1
Mildew192,0,0,1
Mildew193,0,0,1
Mildew194,0,0,1
Mildew195,0,0,1
Mildew196,0,0,1
Mildew197,0,0,1
Mildew198,0,0,1
Mildew199,0,0,1
Mildew200,0,0,1
Mildew201,0,0,1
Mildew202,0,0,1
Mildew203,0,0,1
Mildew204,0,0,1
Mildew205,0,0,1
Mildew206,0,0,1
Mildew207,0,0,1
Mildew208,0,0,1
Mildew209,0,0,1
Mildew210,0,0,1
Mildew211,0,0,1
Mildew212,0,0,1
Mildew213,0,0,1
Mildew214,0,0,1
Mildew215,0,0,1
Mildew216,0,0,1
Mildew217,0,0,1
Mildew218,0,0,1
Mildew219,0,0,1
Mildew220,0,0,1
Mildew221,0,0,1
Mildew222,0,0,1
Mildew223,0,0,1
Mildew224,0,0,1
Mildew225,0,0,1
Mildew226,0,0,1
Mildew227,0,0,1
Mildew228,0,0,1
Mildew229,0,0,1
Mildew230,0,0,1
Mildew231,0,0,1
Mildew232,0,0,1
Mildew233,0,0,1
Mildew234,0,0,1
Mildew235,0,0,1
Mildew236,0,0,1
Mildew237,0,0,1
Mildew238,0,0,1
Mildew239,0,0,1
Mildew240,0,0,1
Mildew241,0,0,1
Mildew242,0,0,1
Mildew243,0,0,1
Mildew244,0,0,1
Mildew245,0,0,1
Mildew246,0,0,1
Mildew247,0,0,1
Mildew248,0,0,1
Mildew249,0,0,1
Mildew250,0,0,1
Mildew251,0,0,1
Mildew252,0,0,1
Mildew253,0,0,1
Mildew254,0,0,1
Mildew255,0,0,1
Mildew256,0,0,1
Mildew257,0,0,1
Mildew258,0,0,1
Mildew259,0,0,1
Mildew260,0,0,1
Mildew261,0,0,1
Mildew262,0,0,1
Mildew263,0,0,1
Mildew264,0,0,1
Mildew265,0,0,1
Mildew266,0,0,1
Mildew267,0,0,1
Mildew268,0,0,1
Mildew269,0,0,1
Mildew270,0,0,1
Mildew271,0,0,1
Mildew272,0,0,1
Mildew273,0,0,1
Mildew274,0,0,1
Mildew275,0,0,1
Mildew276,0,0,1
Mildew277,0,0,1
Mildew278,0,0,1
Mildew279,0,0,1
Mildew280,0,0,1
Mildew281,0,0,1
Mildew282,0,0,1
Mildew283,0,0,1
Mildew284,0,0,1
Mildew285,0,0,1
Mildew286,0,0,1
Mildew287,0,0,1
Mildew288,0,0,1
Mildew289,0,0,1
Mildew290,0,0,1
Mildew291,0,0,1
Mildew292,0,0,1
Mildew293,0,0,1
Mildew294,0,0,1
Mildew295,0,0,1
Mildew296,0,0,1
Mildew297,0,0,1
Mildew298,0,0,1
Mildew299,0,0,1
Mildew300,0,0,1
Mildew301,0,0,1
Mildew302,0,0,1
Mildew303,0,0,1
Mildew304,0,0,1
Mildew305,0,0,1
Mildew306,0,0,1
Mildew307,0,0,1
Mildew308,0,0,1
Mildew309,0,0,1
Mildew310,0,0,1
Mildew311,0,0,1
Mildew312,0,0,1
Mildew313,0,0,1
Mildew314,0,0,1
Mildew315,0,0,1
Mildew316,0,0,1
Mildew317,0,0,1
Mildew318,0,0,1
Mildew319,0,0,1
Mildew320,0,0,1
Mildew321,0,0,1
Mildew322,0,0,1
Mildew323,0,0,1
Mildew324,0,0,1
Mildew325,0,0,1
Mildew326,0,0,1
Mildew327,0,0,1
Mildew328,0,0,1
Mildew329,0,0,1
Mildew330,0,0,1
Mildew331,0,0,1
Mildew332,0,0,1
Mildew333,0,0,1
Mildew334,0,0,1
Mildew335,0,0,1
Mildew336,0,0,1
Mildew337,0,0,1
Mildew338,0,0,1
Mildew339,0,0,1
Mildew340,0,0,1
Mildew341,0,0,1
Mildew342,0,0,1
Mildew343,0,0,1
Mildew344,0,0,1
Mildew345,0,0,1
Mildew346,0,0,1
Mildew347,0,0,1
Mildew348,0,0,1
Mildew349,0,0,1
Mildew350,0,0,1
Mildew351,0,0,1
Mildew352,0,0,1
Mildew353,0,0,1
Mildew354,0,0,1
Mildew355,0,0,1
Mildew356,0,0,1
Mildew357,0,0,1
Mildew358,0,0,1
Mildew359,0,0,1
Mildew360,0,0,1
Mildew361,0,0,1
Mildew362,0,0,1
Mildew363,0,0,1
Mildew364,0,0,1
Mildew365,0,0,1
Mildew366,0,0,1
Mildew367,0,0,1
Mildew368,0,0,1
Mildew369,0,0,1
Mildew370,0,0,1
Mildew371,0,0,1
Mildew372,0,0,1
Mildew373,0,0,1
Mildew374,0,0,1
Mildew375,0,0,1
Mildew376,0,0,1
Mildew377,0,0,1
Mildew378,0,0,1
Mildew379,0,0,1
Mildew380,0,0,1
Mildew381,0,0,1
Mildew382,0,0,1
Mildew383,0,0,1
Mildew384,0,0,1
Mildew385,0,0,1
Mildew386,0,0,1
Mildew387,0,0,1
Mildew388,0,0,1
Mildew389,0,0,1
Mildew390,0,0,1
Mildew391,0,0,1
Mildew392,0,0,1
Mildew393,0,0,1
Mildew394,0,0,1
Mildew395,0,0,1
Mildew396,0,0,1
Mildew397,0,0,1
Mildew398,0,0,1
Mildew399,0,0,1
Mildew400,0,0,1
Mildew401,0,0,1
Mildew402,0,0,1
Mildew403,0,0,1
Mildew404,0,0,1
Mildew405,0,0,1
Mildew406,0,0,1
Mildew407,0,0,1
Mildew408,0,0,1
Mildew409,0,0,1
Mildew410,0,0,1
Mildew411,0,0,1
Mildew412,0,0,1
Mildew413,0,0,1
Mildew414,0,0,1
Mildew415,0,0,1
Mildew416,0,0,1
Mildew417,0,0,1
Mildew418,0,0,1
Mildew419,0,0,1
Mildew420,0,0,1
Mildew421,0,0,1
Mildew422,0,0,1
Mildew423,0,0,1
Mildew424,0,0,1
Mildew425,0,0,1
Mildew426,0,0,1
Mildew427,0,0,1
Mildew428,0,0,1
Mildew429,0,0,1
Mildew430,0,0,1
Mildew431,0,0,1
Mildew432,0,0,1
Mildew433,0,0,1
Mildew434,0,0,1
Mildew435,0,0,1
Mildew436,0,0,1
Mildew437,0,0,1
Mildew438,0,0,1
Mildew439,0,0,1
Mildew440,0,0,1
Mildew441,0,0,1
Mildew442,0,0,1
Mildew443,0,0,1
Mildew444,0,0,1
Mildew445,0,0,1
Mildew446,0,0,1
Mildew447,0,0,1
Mildew448,0,0,1
Mildew449,0,0,1
Mildew450,0,0,1
Mildew451,0,0,1
Mildew452,0,0,1
Mildew453,0,0,1
Mildew454,0,0,1
Mildew455,0,0,1
Mildew456,0,0,1
Mildew457,0,0,1
Mildew458,0,0,1
Mildew459,0,0,1
Mildew460,0,0,1
Mildew461,0,0,1
Mildew462,0,0,1
Mildew463,0,0,1
Mildew464,0,0,1
Mildew465,0,0,1
Mildew466,0,0,1
Mildew467,0,0,1
Mildew468,0,0,1
Mildew469,0,0,1
Mildew470,0,0,1
Mildew471,0,0,1
Mildew472,0,0,1
Mildew473,0,0,1
Mildew474,0,0,1
Mildew475,0,0,1
Mildew476,0,0,1
Mildew477,0,0,1
Mildew478,0,0,1
Mildew479,0,0,1
Mildew480,0,0,1
Mildew481,0,0,1
Mildew482,0,0,1
Mildew483,0,0,1
Mildew484,0,0,1
Mildew485,0,0,1
Mildew486,0,0,1
Mildew487,0,0,1
Mildew488,0,0,1
Mildew489,0,0,1
Mildew490,0,0,1
Mildew491,0,0,1
Mildew492,0,0,1
Mildew493,0,0,1
Mildew494,0,0,1
Mildew495,0,0,1
Mildew496,0,0,1
Mildew497,0,0,1
Mildew498,0,0,1
Mildew499,0,0,1
Mildew500,0,0,1
Mildew501,0,0,1
Mildew502,0,0,1
Mildew503,0,0,1
Mildew504,0,0,1
Mildew505,0,0,1
Mildew506,0,0,1
Mildew507,0,0,1
Mildew508,0,0,1
Mildew509,0,0,1
Mildew510,0,0,1
Mildew511,0,0,1
Mildew512,0,0,1
Mildew513,0,0,1
Mildew514,0,0,1
Mildew515,0,0,1
Mildew516,0,0,1
Mildew517,0,0,1
Mildew518,0,0,1
Mildew519,0,0,1
Mildew520,0,0,1
Mildew521,0,0,1
Mildew522,0,0,1
Mildew523,0,0,1
Mildew524,0,0,1
Mildew525,0,0,1
Mildew526,0,0,1
Mildew527,0,0,1
Mildew528,0,0,1
Mildew529,0,0,1
Mildew530,0,0,1
Mildew531,0,0,1
Mildew532,0,0,1
Mildew533,0,0,1
Mildew534,0,0,1
Mildew535,0,0,1
Mildew536,0,0,1
Mildew537,0,0,1
Mildew538,0,0,1
Mildew539,0,0,1
Mildew540,0,0,1
Mildew541,0,0,1
Mildew542,0,0,1
Mildew543,0,0,1
Mildew544,0,0,1
Mildew545,0,0,1
Mildew546,0,0,1
Mildew547,0,0,1
Mildew548,0,0,1
Mildew549,0,0,1
Mildew550,0,0,1
Mildew551,0,0,1
Mildew552,0,0,1
Mildew553,0,0,1
Mildew554,0,0,1
Mildew555,0,0,1
Mildew556,0,0,1
Mildew557,0,0,1
Mildew558,0,0,1
Mildew559,0,0,1
Mildew560,0,0,1
Mildew561,0,0,1
Mildew562,0,0,1
Mildew563,0,0,1
Mildew564,0,0,1
Mildew565,0,0,1
Mildew566,0,0,1
Mildew567,0,0,1
Mildew568,0,0,1
Mildew569,0,0,1
Mildew570,0,0,1
Mildew571,0,0,1
Mildew572,0,0,1
Mildew573,0,0,1
Mildew574,0,0,1
Mildew575,0,0,1
Mildew576,0,0,1
Mildew577,0,0,1
Mildew578,0,0,1
Mildew579,0,0,1
Mildew580,0,0,1
Mildew581,0,0,1
Mildew582,0,0,1
Mildew583,0,0,1
Mildew584,0,0,1
Mildew585,0,0,1
Mildew586,0,0,1
Mildew587,0,0,1
Mildew588,0,0,1
Mildew589,0,0,1
Mildew590,0,0,1
Mildew591,0,0,1
Mildew592,0,0,1
Mildew593,0,0,1
Mildew594,0,0,1
Mildew595,0,0,1
Mildew596,0,0,1
Mildew597,0,0,1
Mildew598,0,0,1
Mildew599,0,0,1
Mildew600,0,0,1
Mildew601,0,0,1
Mildew602,0,0,1
Mildew603,0,0,1
Mildew604,0,0,1
Mildew605,0,0,1
Mildew606,0,0,1
Mildew607,0,0,1
Mildew608,0,0,1
Mildew609,0,0,1
Mildew610,0,0,1
Mildew611,0,0,1
Mildew612,0,0,1
Mildew613,0,0,1
Mildew614,0,0,1
Mildew615,0,0,1
Mildew616,0,0,1
Mildew617,0,0,1
Mildew618,0,0,1
Mildew619,0,0,1
Mildew620,0,0,1
Mildew621,0,0,1
Mildew622,0,0,1
Mildew623,0,0,1
Mildew624,0,0,1
Mildew625,0,0,1
Mildew626,0,0,1
Mildew627,0,0,1
Mildew628,0,0,1
Mildew629,0,0,1
Mildew630,0,0,1
Mildew631,0,0,1
Mildew632,0,0,1
Mildew633,0,0,1
Mildew634,0,0,1
Mildew635,0,0,1
Mildew636,0,0,1
Mildew637,0,0,1
Mildew638,0,0,1
Mildew639,0,0,1
Mildew640,0,0,1
Mildew641,0,0,1
Mildew642,0,0,1
Mildew643,0,0,1
Mildew644,0,0,1
Mildew645,0,0,1
Mildew646,0,0,1
Mildew647,0,0,1
Mildew648,0,0,1
Mildew649,0,0,1
Mildew650,0,0,1
Mildew651,0,0,1
Mildew652,0,0,1
Mildew653,0,0,1
Mildew654,0,0,1
Mildew655,0,0,1
Mildew656,0,0,1
Mildew657,0,0,1
Mildew658,0,0,1
Mildew659,0,0,1
Mildew660,0,0,1
Mildew661,0,0,1
Mildew662,0,0,1
Mildew663,0,0,1
Mildew664,0,0,1
Mildew665,0,0,1
Mildew666,0,0,1
Mildew667,0,0,1
Mildew668,0,0,1
Mildew669,0,0,1
Mildew670,0,0,1
Mildew671,0,0,1
Mildew672,0,0,1
Mildew673,0,0,1
Mildew674,0,0,1
Mildew675,0,0,1
Mildew676,0,0,1
Mildew677,0,0,1
Mildew678,0,0,1
Mildew679,0,0,1
Mildew680,0,0,1
Mildew681,0,0,1
Mildew682,0,0,1
Mildew683,0,0,1
Mildew684,0,0,1
Mildew685,0,0,1
Mildew686,0,0,1
Mildew687,0,0,1
Mildew688,0,0,1
Mildew689,0,0,1
Mildew690,0,0,1
Mildew691,0,0,1
Mildew692,0,0,1
Mildew693,0,0,1
Mildew694,0,0,1
Mildew695,0,0,1
Mildew696,0,0,1
Mildew697,0,0,1
Mildew698,0,0,1
Mildew699,0,0,1
Mildew700,0,0,1
Mildew701,0,0,1
Mildew702,0,0,1
Mildew703,0,0,1
Mildew704,0,0,1
Mildew705,0,0,1
Mildew706,0,0,1
Mildew707,0,0,1
Mildew708,0,0,1
Mildew709,0,0,1
Mildew710,0,0,1
Mildew711,0,0,1
Mildew712,0,0,1
Mildew713,0,0,1
Mildew714,0,0,1
Mildew715,0,0,1
Mildew716,0,0,1
Mildew717,0,0,1
Mildew718,0,0,1
Mildew719,0,0,1
Mildew720,0,0,1
Mildew721,0,0,1
Mildew722,0,0,1
Mildew723,0,0,1
Mildew724,0,0,1
Mildew725,0,0,1
Mildew726,0,0,1
Mildew727,0,0,1
Mildew728,0,0,1
Mildew729,0,0,1
Mildew730,0,0,1
Mildew731,0,0,1
Mildew732,0,0,1
Mildew733,0,0,1
Mildew734,0,0,1
Mildew735,0,0,1
Mildew736,0,0,1
Mildew737,0,0,1
Mildew738,0,0,1
Mildew739,0,0,1
Mildew740,0,0,1
Mildew741,0,0,1
Mildew742,0,0,1
Mildew743,0,0,1
Mildew744,0,0,1
Mildew745,0,0,1
Mildew746,0,0,1
Mildew747,0,0,1
Mildew748,0,0,1
Mildew749,0,0,1
Mildew750,0,0,1
Mildew751,0,0,1
Mildew752,0,0,1
